{"batch/batch_step": 6864, "_timestamp": 1673022229.1295679, "batch/loss": 7.21227502822876, "_runtime": 4387.943803787231, "_step": 6864}