{"batch/batch_step": 15, "_timestamp": 1673006060.1809328, "batch/loss": 301.51434326171875, "_runtime": 29.899654865264893, "_step": 15}