{"batch/batch_step": 147, "_timestamp": 1673006245.9649682, "batch/loss": 307.1888122558594, "_runtime": 113.92489528656006, "_step": 147, "_wandb": {"runtime": 114}}